activation,relu
weights,50,3
-0.253294974565506,0.06078534200787544,0.04488402605056763
0.23326285183429718,-0.04374149441719055,-0.062151774764060974
0.0004992499016225338,-0.0004992499598301947,0.0004992499598301947
-0.056267835199832916,0.00957889761775732,0.036376867443323135
0.0328100323677063,-0.004180476069450378,-0.0034552414435893297
-0.14805454015731812,-0.12281923741102219,-0.13063663244247437
0.1449401080608368,-0.1954786628484726,-0.060474324971437454
0.0015578132588416338,-0.14453443884849548,-0.07254660874605179
0.0004992500180378556,-0.0004992499016225338,0.0004992499598301947
0.09229397028684616,0.04971625283360481,0.09231138974428177
-0.025804227218031883,0.04024307057261467,0.15841546654701233
-0.0467500239610672,-0.039008088409900665,-0.13874095678329468
-0.013193848542869091,0.12425459176301956,-0.04853259399533272
0.0004992499598301947,-0.0004992502508684993,0.0004992499016225338
-0.00857854075729847,-0.008876285515725613,0.010367095470428467
-0.0004992499598301947,-0.0004992499016225338,0.0004992499598301947
0.12828105688095093,-0.148386150598526,0.2042645961046219
-0.0004992499598301947,0.0004992499016225338,-0.0004992499016225338
0.18055947124958038,-0.05579652264714241,0.143824502825737
-0.006564566865563393,-0.006784449797123671,0.014604233205318451
0.045910369604825974,0.02941221557557583,-0.017496073618531227
-0.0015558094019070268,-0.0006904625915922225,-0.0008859101217240095
-0.018568573519587517,-0.14819620549678802,-0.09822027385234833
-0.007003291044384241,-0.005059553310275078,-0.0005131677025929093
0.09173237532377243,-0.1419793665409088,0.10426244139671326
-0.16429854929447174,0.013351515866816044,0.16737809777259827
-0.00814567506313324,-0.006970517337322235,0.010946576483547688
-0.007954979315400124,-0.007253984920680523,0.011259853839874268
-0.008598742075264454,-0.008130772970616817,0.011391358450055122
-0.058060985058546066,-0.014867839403450489,0.06629371643066406
-0.06735407561063766,0.025999348610639572,-0.1376015990972519
-0.015138417482376099,-0.11350519210100174,-0.0663144513964653
-0.0004992499016225338,0.0004992499598301947,-0.0004992499016225338
-0.015974346548318863,-0.012547443620860577,0.012364508584141731
0.04200431704521179,-0.011106411926448345,0.05039021745324135
-0.125976100564003,0.12351923435926437,0.08567258715629578
-0.23595468699932098,0.1173824742436409,0.006412239745259285
-0.14764325320720673,0.15877839922904968,-0.016587000340223312
-0.1584291309118271,0.03206876292824745,-0.08034911751747131
0.05342058464884758,0.03957684338092804,0.022900724783539772
-0.0004992499016225338,0.0004992499598301947,-0.0004992499598301947
-0.14015953242778778,-0.007141470909118652,0.06261175125837326
-0.005401084199547768,-0.01973618008196354,0.17100000381469727
-0.05289792641997337,0.026049423962831497,-0.05544207617640495
0.05796821415424347,-0.085403673350811,-0.04592594504356384
0.00036621408071368933,-0.005560889840126038,0.024462146684527397
-0.023259298875927925,-0.013417183421552181,-0.0022410117089748383
-0.03987625241279602,0.13044020533561707,-0.018455294892191887
-0.08787178993225098,-0.08195644617080688,-0.1110345870256424
-0.0869031473994255,0.01078567560762167,-0.01673181913793087
bias,50
2.4306726455688477,-3.3280811309814453,-0.23842191696166992,1.742460012435913,-2.2774500846862793,0.3386077582836151,2.5840139389038086,2.4618351459503174,-0.24216896295547485,-2.7604799270629883,-1.5987032651901245,-2.0661087036132812,-2.7868897914886475,-0.1925710141658783,3.2734313011169434,-0.9222740530967712,1.269325613975525,-0.2202875316143036,-2.1335346698760986,2.9766623973846436,-2.31613826751709,-0.13802485167980194,0.013798673637211323,0.1606673300266266,1.952412486076355,0.6239774823188782,2.904242753982544,2.982722520828247,3.18040132522583,0.6009124517440796,-2.6490888595581055,-1.88999342918396,-0.24743275344371796,2.3328940868377686,-1.7691431045532227,-2.5515475273132324,-0.4011288285255432,-2.885568618774414,-1.0549354553222656,-2.6570849418640137,-0.21078133583068848,0.32948267459869385,-0.6665210723876953,2.883765935897827,-2.653353452682495,3.083494186401367,1.0445808172225952,-3.0703368186950684,0.9928116202354431,2.2667224407196045
activation,relu
weights,50,50
0.011416233144700527,-0.05015163868665695,0.0004875896847806871,-0.00199448736384511,-0.034992098808288574,-0.2596713602542877,0.14493535459041595,0.1120598316192627,0.00048743048682808876,-0.01664111390709877,-0.00048545602476224303,0.21213236451148987,-0.14952689409255981,0.00048746418906375766,-0.07114675641059875,-0.0004875667509622872,-0.08844819664955139,0.0004874963196925819,-0.009526669047772884,-0.0773647204041481,-0.022414054721593857,-0.0011533766519278288,-0.016367414966225624,-0.0031635866034775972,-0.08625982701778412,0.00048325490206480026,-0.06901315599679947,-0.06573805212974548,-0.0683588832616806,0.0004876372404396534,0.11120586842298508,-0.109479621052742,0.0004874514415860176,-0.026715783402323723,0.0019385522464290261,-0.0026487098075449467,0.028501171618700027,0.02841331623494625,-0.03011004626750946,-0.13878770172595978,-0.000487506331410259,-5.9473499277373776e-05,0.0004941545194014907,-0.01293715089559555,0.031255535781383514,-0.11642437428236008,-0.00919969193637371,-0.018275421112775803,0.10779432207345963,-0.043639037758111954
0.09135350584983826,-0.16051243245601654,-0.00048756349133327603,0.04832720756530762,-0.06863641738891602,0.05253688246011734,0.12127989530563354,0.11101343482732773,-0.0004874223377555609,-0.2727753818035126,0.052649904042482376,-0.14848189055919647,-0.2217329442501068,-0.00048749009147286415,0.4181898832321167,0.00048761797370389104,0.19290906190872192,0.0004874803125858307,-0.20488423109054565,0.28135159611701965,-0.20183762907981873,-6.267962453421205e-05,-0.06191694736480713,-0.002743302844464779,-0.07538291066884995,0.05318845808506012,0.3256683349609375,0.33300915360450745,0.38920918107032776,0.009842433966696262,-0.14995177090168,-0.1897721290588379,0.0004875491722486913,0.12947651743888855,0.0038978292141109705,-0.11741936951875687,0.042641907930374146,-0.13324986398220062,0.015973353758454323,-0.1859370917081833,0.0004875028389506042,-0.023879969492554665,0.05320549011230469,0.21682734787464142,-0.10702048987150192,0.21878375113010406,0.021331964060664177,-0.15696965157985687,-0.03546763211488724,0.1420019418001175
0.2151690125465393,0.0333462730050087,-0.0004876285674981773,-0.0012627908727154136,0.005699790548533201,-0.005888042040169239,-0.5462288856506348,5.0447042667656206e-06,-0.0004872858407907188,0.2370983064174652,-0.2747443616390228,-0.011593417264521122,-0.03717755898833275,0.0004875046433880925,-0.05096082761883736,-0.00048696185695007443,-0.15503183007240295,-0.0004875148297287524,0.20084992051124573,-0.07023492455482483,0.024909356608986855,0.0006910472293384373,5.227924702921882e-06,-0.0025974903255701065,-0.06757151335477829,0.037664271891117096,-0.06726919114589691,-0.05964813753962517,-0.05720307677984238,-0.02355719730257988,-0.24498619139194489,-0.0005465886788442731,-0.00048757391050457954,-0.03658720850944519,-0.01798293925821781,-0.03143385797739029,0.02936372347176075,-0.09138686954975128,0.03550015017390251,0.04577111452817917,0.00048751296708360314,-0.04245258867740631,-0.2503225803375244,-0.17556945979595184,6.482835033239098e-06,0.034095507115125656,-0.007524046115577221,0.07672857493162155,-0.004619097802788019,0.029506651684641838
0.13910812139511108,-0.16049528121948242,-0.0004875530721619725,0.035789795219898224,-0.05290712043642998,0.04655815660953522,0.162899911403656,0.14430135488510132,0.0004875753656961024,-0.33727243542671204,-0.02666846290230751,-0.1810503453016281,-0.24588145315647125,-0.00048748840345069766,0.4007449746131897,0.00048766291001811624,0.04219447076320648,-0.0004875287413597107,-0.25222107768058777,0.2516467273235321,-0.18817807734012604,-0.00016486924141645432,-0.04515613988041878,-0.0007644383003935218,-0.07624832540750504,0.026394624263048172,0.30840247869491577,0.3158881664276123,0.36920636892318726,-0.023421041667461395,-0.2048203945159912,-0.1696324497461319,0.0004875459708273411,0.1111968532204628,-0.014114677906036377,-0.14644262194633484,0.07404962927103043,-0.12756182253360748,0.05994464457035065,-0.25754454731941223,0.00048750126734375954,-0.07358440011739731,-0.07316773384809494,0.21672546863555908,-0.10585957020521164,0.17186960577964783,0.02234135940670967,-0.19638875126838684,-0.036305785179138184,0.16293182969093323
-0.0611097477376461,0.3736438453197479,0.0004874051664955914,0.009463699534535408,0.017238082364201546,-0.008599413558840752,-0.11388877779245377,0.20721903443336487,0.0004875824670307338,0.35747507214546204,0.20980265736579895,0.2860815227031708,0.2849569618701935,-0.00048751558642834425,-0.5605859756469727,0.0004870147677138448,-0.18124493956565857,0.00048746238462626934,0.19772279262542725,-0.327191025018692,0.15035848319530487,0.00010040015331469476,0.01743428222835064,-0.003317078109830618,-0.21398158371448517,0.3073534071445465,-0.46333348751068115,-0.32295873761177063,-0.5459249019622803,0.09102167189121246,0.28945615887641907,0.22829988598823547,-0.0004879017360508442,-0.043068595230579376,0.014252550899982452,0.20506559312343597,-0.08707235008478165,0.023462332785129547,0.23767267167568207,0.04798207804560661,0.000487400742713362,0.19467413425445557,0.22544322907924652,-0.21764080226421356,0.2276919037103653,-0.08446026593446732,-0.0003458560968283564,0.3029211163520813,0.026111997663974762,0.042385149747133255
-0.005444866605103016,0.17772038280963898,0.00048739847261458635,-0.004117593169212341,-0.01066480204463005,-0.019085852429270744,-0.3335912227630615,0.05503198876976967,-0.0004871528362855315,0.2490246444940567,-0.2487315535545349,0.1152653843164444,0.10786711424589157,-0.0004875697777606547,-0.0027999654412269592,-0.00048624054761603475,0.07144585996866226,-0.0004874648293480277,-0.1453470140695572,-0.007373981177806854,0.08192993700504303,0.005524924490600824,0.02837214805185795,0.0009653089218772948,0.02554905042052269,-0.004998394288122654,-0.04064717888832092,-0.03377227485179901,0.007645630277693272,-0.003214956261217594,-0.05527201294898987,0.1050584465265274,0.0004873282741755247,-0.026343606412410736,0.028005661442875862,-0.4847175180912018,-0.013873360119760036,-0.5071065425872803,-0.037000201642513275,0.060572732239961624,0.0004874648293480277,-0.003184319706633687,-0.0766906663775444,-0.024378007277846336,0.01868067868053913,0.1050984263420105,0.005798238795250654,-0.10397206991910934,0.1182478591799736,-0.0706198662519455
0.09439340233802795,-0.1079273596405983,-0.000487536599393934,0.018121426925063133,-0.026609962806105614,-0.044554516673088074,0.1574965864419937,0.00808800756931305,0.00048763927770778537,-0.1545991152524948,0.00446287402883172,0.09517140686511993,0.022761089727282524,-0.0004874707665294409,0.015556982718408108,0.00048746372340247035,-0.03668239340186119,-0.00048749049892649055,-0.11607977747917175,-0.023981736972928047,-0.07853009551763535,0.00607898086309433,-0.27087146043777466,-0.005715938750654459,-9.99325275188312e-05,0.04809596762061119,-0.012702569365501404,-0.018645688891410828,0.033084508031606674,-0.02908688224852085,0.015573029406368732,-0.08809324353933334,0.00048745429376140237,-0.06682805716991425,-0.010022459551692009,0.02435976453125477,-0.04589485004544258,0.12330687046051025,-0.010282058268785477,-0.10889358073472977,-0.00048746797256171703,-0.04723040387034416,-0.011548807844519615,0.16081656515598297,-0.034220967441797256,-0.00028474678401835263,-0.02252957597374916,-3.854274109471589e-05,-0.29280421137809753,0.025416934862732887
0.18989743292331696,-0.2121705263853073,0.0004874681471846998,0.030634216964244843,2.9288159566931427e-05,-0.06768763810396194,-0.471133828163147,-0.09329727292060852,0.00048733840230852365,-0.0057577756233513355,-0.13415013253688812,0.04798156023025513,-0.05427020415663719,0.00048750732094049454,0.3350391685962677,0.00048776419134810567,0.009611695073544979,-0.00048750441055744886,-0.02988916076719761,0.2622644603252411,-0.1093122586607933,-5.771285941591486e-06,-0.0416325107216835,0.0006016623810864985,-0.017675425857305527,-0.11634301394224167,0.25371605157852173,0.20541022717952728,0.2782018780708313,-0.027121227234601974,0.006856617517769337,2.9015951440669596e-05,-0.00048715982120484114,0.0029882260132580996,-0.131211057305336,-0.0020129859913140535,-0.1441935896873474,-0.21219028532505035,-0.10697862505912781,0.08258944004774094,-0.0004875153535977006,-0.1261075884103775,-0.13422243297100067,0.2234184443950653,0.0005845670239068568,0.3569451868534088,-0.02352900430560112,-0.08159570395946503,-0.11770030111074448,0.05778113007545471
0.0005092790233902633,0.42717376351356506,0.00048761809011921287,-3.4917678704005084e-07,0.025160841643810272,0.08823363482952118,-0.15887588262557983,-0.18333423137664795,0.00048754579620435834,0.26231804490089417,-0.14872607588768005,0.08484041690826416,0.07081691920757294,0.0004874236765317619,-0.09259284287691116,0.00048812851309776306,0.12137265503406525,-0.00048746104585006833,-0.09342286735773087,-0.0021580695174634457,0.14656323194503784,-0.005877698305994272,-0.08610464632511139,-0.001632909756153822,-0.11246097832918167,-0.0016155446646735072,-0.051586151123046875,-0.05451178550720215,-0.06915000081062317,-4.7988687583711e-05,0.06504800170660019,0.21858155727386475,-0.00048760342178866267,-0.03374776244163513,-0.024064255878329277,-0.4562426209449768,-0.009227372705936432,-0.457064688205719,-0.0446472093462944,0.21762621402740479,0.0004874614533036947,-0.0004910630523227155,-0.014927994459867477,-0.013406016863882542,-0.10160543769598007,0.043945275247097015,-0.0025492871645838022,-0.01386771909892559,0.27089065313339233,-0.010898123495280743
-0.052758265286684036,-0.10159817337989807,-0.000487573619466275,-0.0008220602758228779,-0.014158026315271854,-0.05513285845518112,0.023397967219352722,-0.019970953464508057,-0.0004874709411524236,-0.04263625666499138,0.06915455311536789,0.06257583200931549,0.1338856816291809,-0.0004875119193457067,-0.05583897605538368,0.0004880261840298772,0.03426459804177284,-0.0004874880542047322,-0.030118435621261597,-0.11254767328500748,0.12718898057937622,-6.567006494151428e-05,-0.05332591384649277,0.004149994347244501,0.07996594905853271,0.01132524199783802,-0.11055076867341995,-0.12172935903072357,-0.07827500253915787,0.01701311208307743,-0.03956253081560135,-0.04038438946008682,0.00048749346751719713,-0.04856281727552414,0.032953742891550064,-0.05962032824754715,-0.13684700429439545,-0.1839461475610733,0.004556956700980663,-0.09024644643068314,-0.00048750871792435646,0.008811556734144688,0.01500090304762125,0.01349819265305996,0.09290686994791031,-0.09230657666921616,0.004146131221204996,0.04952963441610336,-0.01687851920723915,-0.07658864557743073
0.1909860372543335,0.05930659547448158,0.0004873868892900646,0.05364823713898659,-0.056771911680698395,-0.063112773001194,-0.11622365564107895,-0.09043438732624054,0.00048761797370389104,0.021951088681817055,-0.04623081162571907,0.19705404341220856,0.12608332931995392,-0.00048753339797258377,0.0272670928388834,0.00048761925427243114,-0.20707787573337555,0.0004875033628195524,-0.003137037856504321,-0.006402685772627592,0.10039085894823074,0.0061242301017045975,-0.32625123858451843,-0.004553091246634722,-0.18643984198570251,0.06331886351108551,-0.0068410178646445274,-0.009625600650906563,0.028032872825860977,-0.012742842547595501,-0.014965747483074665,-0.040584854781627655,0.0004874155856668949,-0.10218671709299088,-0.015773873776197433,-0.1059344932436943,-0.004301828797906637,-0.14137916266918182,-0.05348420888185501,0.05523674190044403,0.0004874825826846063,-0.03175695613026619,-0.0668235719203949,0.026917684823274612,-0.0661405548453331,0.02017323672771454,-0.022209705784916878,-0.0763331726193428,-0.1241905689239502,-0.0676393061876297
-0.1323011815547943,-0.4285813868045807,0.0004874830483458936,0.0028900024481117725,0.000435998517787084,0.04372613877058029,-0.01969965547323227,0.024418268352746964,-0.00048740056809037924,-0.09452696889638901,0.12500791251659393,0.16299696266651154,0.05669219791889191,0.00048747315304353833,-0.18469716608524323,0.0004872720455750823,0.015031599439680576,0.000487515761051327,0.0005701586487703025,-0.07870359718799591,-0.02672322653234005,-0.005834006704390049,-0.010498614981770515,0.0007110500009730458,-0.004813549108803272,0.18707966804504395,-0.14582611620426178,-0.1460726410150528,-0.1765744686126709,0.045974601060152054,0.24442332983016968,-0.0018310433952137828,-0.0004875098238699138,-0.008843940682709217,-0.007696802727878094,0.21894758939743042,0.2160683423280716,0.10780665278434753,0.23082035779953003,-0.03523167595267296,-0.00048742862418293953,0.07696240395307541,0.2664386034011841,-0.10166571289300919,-0.00597162451595068,-0.12192804366350174,0.0019635262433439493,0.15396688878536224,0.13675729930400848,0.06011602655053139
-0.2267838567495346,0.21501430869102478,0.0004873298457823694,-0.18163639307022095,0.061745982617139816,0.2700554132461548,0.032291922718286514,0.0316300205886364,0.00048775330651551485,0.1394825428724289,0.21319375932216644,0.14283058047294617,0.20267464220523834,0.0004875478916801512,-0.6796419024467468,-0.0004886069800704718,0.06452005356550217,0.0004874941078014672,0.1026671901345253,-0.4434981346130371,0.0749964714050293,0.0001739663421176374,0.014428026974201202,0.0033877466339617968,-0.019288478419184685,0.10666169226169586,-0.5820180773735046,-0.4724869728088379,-0.6621049046516418,0.025084543973207474,0.17667719721794128,0.0964832752943039,-0.00048745947424322367,-0.11121048033237457,0.11681894212961197,0.26885879039764404,0.13827075064182281,0.2479810267686844,0.0911613255739212,0.256705105304718,0.0004875217564404011,0.09104961156845093,0.16372807323932648,-0.050963301211595535,0.2972937822341919,-0.4458078145980835,0.013686335645616055,0.18714694678783417,-0.06160726398229599,-0.08457621932029724
0.06961492449045181,0.18981453776359558,0.000487609242554754,-0.04313763231039047,0.04855075478553772,0.1406911462545395,-0.04710359126329422,0.2554458975791931,-0.00048763834638521075,0.002892367774620652,-0.0658293291926384,0.16877399384975433,0.07771625369787216,0.0004875473096035421,-0.38074547052383423,0.0004872479476034641,-0.025487637147307396,0.00048751826398074627,-0.0739293172955513,-0.2654888331890106,0.1812582165002823,7.071952859405428e-05,0.25616753101348877,-0.0020829373970627785,-0.03184020146727562,-0.05319417640566826,-0.2850795388221741,-0.25373297929763794,-0.38182494044303894,0.012433333322405815,0.2993118464946747,0.20507830381393433,-0.0004877080209553242,-0.016778094694018364,0.008451780304312706,0.08743500709533691,0.0600326806306839,0.19559700787067413,0.039537619799375534,0.10659930855035782,0.0004874561564065516,0.051281705498695374,-0.1266990303993225,0.08243616670370102,0.22097739577293396,-0.15154288709163666,0.013136770576238632,0.1889343559741974,0.0961531549692154,-0.004801010712981224
0.00048750010319054127,-0.0004874999285675585,0.00048750010319054127,-0.0004874996957369149,-0.00048750010319054127,-0.0004875001613982022,0.0004874996957369149,-0.00048750010319054127,-0.000487500277813524,0.0004874998121522367,0.0004874998703598976,-0.000487500277813524,0.0004874996957369149,-0.000487500277813524,-0.00048749998677521944,0.0004874998121522367,-0.0004874998703598976,-0.0004875001613982022,-0.00048750004498288035,0.000487500277813524,-0.00048749998677521944,-0.0004874996957369149,-0.0004874998121522367,-0.0004874996957369149,0.0004874996957369149,0.0004874996957369149,-0.0004874996957369149,0.00048750010319054127,0.0004874996957369149,0.00048750010319054127,0.00048750004498288035,0.0004874996957369149,0.0004875001613982022,-0.0004874998703598976,-0.00048750004498288035,-0.0004874996957369149,-0.00048750004498288035,-0.0004874998703598976,0.0004874998703598976,-0.00048749998677521944,-0.0004874999285675585,-0.0004874997539445758,-0.00048750004498288035,-0.00048750004498288035,-0.0004874996957369149,-0.0004875002196058631,-0.0004875002196058631,0.0004874997539445758,-0.0004874996957369149,-0.000487500277813524
-0.0514913871884346,-0.7323142290115356,-0.000487353652715683,-0.05220310017466545,-0.0012833387590944767,0.041065096855163574,-0.027192890644073486,-0.02892107516527176,0.000487635494209826,-0.03625185042619705,0.04208848252892494,0.05401872843503952,0.11660546809434891,0.0004874643054790795,-0.0859614908695221,-0.0004877962055616081,0.0013852192787453532,0.000487583689391613,-0.03981873393058777,-0.06366746872663498,-0.05105340853333473,-0.00593639025464654,-0.03715375438332558,-0.0025884995702654123,0.003868145402520895,0.05623907223343849,-0.082840196788311,-0.0826474204659462,-0.06623630970716476,-0.008675161749124527,0.17114423215389252,-0.0076034958474338055,-0.0004873406724072993,-0.0630597174167633,-0.006936883088201284,0.08390822261571884,0.1269681453704834,0.20951241254806519,0.21294744312763214,0.02370680496096611,0.0004876985913142562,-0.0305220615118742,0.04386666789650917,0.14087766408920288,-9.976790170185268e-05,-0.09791884571313858,-0.02845681644976139,0.11316461861133575,0.09292793273925781,0.04602399095892906
-0.000487500277813524,-0.0004874999285675585,-0.0004874996957369149,0.0004874999285675585,-0.0004874996957369149,-0.000487500277813524,-0.000487500277813524,-0.0004874999285675585,0.0004875001613982022,0.0004874998121522367,0.000487500277813524,0.0004874996957369149,-0.0004874999285675585,0.00048749998677521944,0.00048750010319054127,0.0004874996957369149,-0.0004874998703598976,0.000487500277813524,-0.0004874996957369149,-0.0004874997539445758,0.000487500277813524,-0.0004874998121522367,0.0004875001613982022,-0.0004875001613982022,-0.0004875002196058631,-0.0004875001613982022,0.0004874996957369149,-0.00048749998677521944,0.0004874999285675585,0.0004874996957369149,-0.0004874998121522367,0.00048750004498288035,0.0004875001613982022,0.00048750004498288035,0.0004874997539445758,-0.000487500277813524,-0.00048749998677521944,0.0004874997539445758,-0.0004874996957369149,-0.000487500277813524,0.0004874996957369149,0.0004874996957369149,-0.0004875002196058631,0.0004874998703598976,0.00048749998677521944,-0.0004874998703598976,0.00048750010319054127,-0.0004875001613982022,0.000487500277813524,0.0004874998121522367
0.03861869499087334,0.006773870438337326,0.0004875896265730262,0.07319916784763336,-0.028696833178400993,-0.150853231549263,0.0031175485346466303,0.07340806722640991,-0.0004875045851804316,-0.127400204539299,0.1510692685842514,0.2578381597995758,0.027198394760489464,0.0004874190781265497,0.007101678755134344,0.00048738421173766255,0.09874199330806732,0.0004875391023233533,0.08651543408632278,0.02635193057358265,0.010816879570484161,-0.003544327337294817,0.01335296779870987,0.0030942088924348354,0.004922993015497923,0.3156009316444397,0.02573244832456112,0.022190749645233154,0.010049419477581978,0.13499784469604492,0.22816355526447296,0.05009041354060173,-0.00048751948634162545,0.03708028793334961,0.007341352757066488,0.03579603135585785,-0.07677338272333145,-0.022233054041862488,0.1325680911540985,-0.24453049898147583,0.00048746587708592415,0.1732792854309082,0.24912521243095398,0.009990837424993515,0.02224014513194561,-0.0005204631015658379,0.020923690870404243,-0.06333217024803162,-0.03864035755395889,0.006359224673360586
0.0004874997539445758,-0.0004874997539445758,-0.0004875001613982022,0.0004875002196058631,0.0004874996957369149,-0.000487500277813524,0.00048749998677521944,0.00048750010319054127,-0.00048750004498288035,-0.0004874996957369149,0.0004874996957369149,-0.0004874999285675585,0.0004874997539445758,-0.0004874997539445758,-0.0004874997539445758,-0.0004874998121522367,0.0004875001613982022,-0.0004874999285675585,0.0004874998121522367,-0.0004875002196058631,-0.0004874997539445758,0.000487500277813524,-0.000487500277813524,0.0004874996957369149,0.0004874997539445758,0.0004874999285675585,-0.00048750010319054127,-0.0004874998121522367,-0.0004874997539445758,0.00048749998677521944,0.0004874996957369149,0.0004875001613982022,0.0004874999285675585,0.0004875002196058631,-0.0004874999285675585,-0.00048749998677521944,-0.00048750010319054127,-0.0004875002196058631,-0.0004875002196058631,0.0004874996957369149,0.000487500277813524,-0.0004874997539445758,0.0004874998121522367,0.0004874998703598976,0.0004874999285675585,0.0004874999285675585,0.000487500277813524,0.00048749998677521944,0.000487500277813524,0.0004874999285675585
-0.0004874996957369149,-0.00048749998677521944,-0.0004874996957369149,-0.00048749998677521944,0.0004874996957369149,0.0004874999285675585,0.0004874996957369149,-0.00048749998677521944,0.000487500277813524,-0.000487500277813524,-0.000487500277813524,0.000487500277813524,-0.0004874996957369149,-0.000487500277813524,0.0004875002196058631,0.0004874999285675585,-0.0004875001613982022,0.00048750004498288035,0.0004874996957369149,-0.0004875001613982022,-0.000487500277813524,0.0004874996957369149,-0.0004874997539445758,-0.0004874998121522367,-0.0004874996957369149,0.0004874996957369149,0.000487500277813524,-0.000487500277813524,0.00048750010319054127,-0.0004875002196058631,-0.00048750004498288035,-0.0004874996957369149,0.00048749998677521944,-0.0004874996957369149,0.000487500277813524,-0.0004874996957369149,0.00048750004498288035,-0.000487500277813524,0.0004874998121522367,-0.00048750004498288035,-0.00048749998677521944,0.00048749998677521944,0.0004874996957369149,0.0004875002196058631,0.000487500277813524,0.0004874997539445758,-0.0004874996957369149,0.00048749998677521944,-0.00048749998677521944,0.0004874999285675585
-0.5103352069854736,0.6930404901504517,0.000487444456666708,-0.09447821229696274,0.03557412326335907,0.03073161467909813,0.006143288221210241,-0.12346989661455154,-0.0004876225721091032,0.2812986671924591,-0.06719545274972916,1.4707240552525036e-05,0.09467019885778427,0.00048753945156931877,-0.2894658148288727,-0.00048745301319286227,0.20980289578437805,-0.0004875526065006852,0.18801657855510712,-0.015407811850309372,0.26692065596580505,-0.005811374168843031,0.03290478140115738,-0.005419695284217596,-0.12212606519460678,-0.20018264651298523,-0.20507201552391052,-0.1806318461894989,-0.21992403268814087,-0.0339483842253685,0.12303970009088516,0.10794396698474884,0.00048738037003204226,-0.04951004683971405,0.043477848172187805,0.1095099002122879,0.020647594705224037,-0.0012010295176878572,-0.2707578241825104,0.1832285076379776,0.00048734009033069015,0.009250338189303875,0.060384996235370636,-0.118365578353405,0.030889203771948814,-0.1267782300710678,-0.0057533979415893555,0.21957466006278992,0.052399177104234695,-0.1753906011581421
0.0031224912963807583,-0.09623801708221436,-0.0004875896265730262,0.0008465218124911189,-0.0035875739995390177,0.03771171346306801,0.015623190440237522,0.06252553313970566,0.0004876424791291356,0.06725860387086868,-0.14923754334449768,0.07042188197374344,0.030430182814598083,0.00048752117436379194,0.0443161278963089,0.0004879528423771262,0.04138012230396271,-0.0004874959704466164,0.022097960114479065,0.029831286519765854,-0.019884664565324783,0.005628802347928286,-0.006946636829525232,-0.0053124320693314075,0.06597016751766205,0.009470858611166477,0.025863438844680786,0.03238973021507263,0.039062224328517914,-0.0011084226425737143,-0.016065578907728195,-0.04606964811682701,0.00048740848433226347,0.023117484524846077,0.012202579528093338,-0.10175749659538269,-0.014351154677569866,-0.24486078321933746,0.018232423812150955,0.04338109865784645,-0.0004875070881098509,0.0011094631627202034,-0.07566077262163162,0.017202103510499,-0.05982163920998573,0.0021314783953130245,-0.0016843430930748582,-0.03419436141848564,0.05839323624968529,0.034867726266384125
-0.08014341443777084,-0.1309589296579361,-0.0004875412560068071,0.08804453164339066,-0.060787394642829895,-0.005167105235159397,-0.7152471542358398,0.10590805113315582,0.0004874475998803973,0.22320999205112457,0.18362347781658173,0.4243040978908539,0.097298264503479,0.00048750010319054127,0.13453157246112823,-0.00048721523489803076,-0.07325389236211777,-0.00048752559814602137,0.28967443108558655,0.1153833344578743,-0.07306230068206787,0.005982073023915291,0.00679386593401432,0.003493331838399172,0.012300723232328892,0.033125028014183044,0.07932824641466141,0.07242278754711151,0.11583267897367477,0.023098358884453773,-0.01615511253476143,-0.013935094699263573,-0.0004874510341323912,-0.05327596887946129,0.05163925141096115,-0.020200548693537712,-0.13931094110012054,-0.0806775614619255,-0.12869669497013092,0.043214671313762665,-0.00048753072042018175,-0.007070175837725401,0.05437168478965759,0.04299663007259369,0.016412686556577682,0.23544257879257202,-0.0046899826265871525,-0.022838378325104713,0.1803407520055771,-0.07509887963533401
-0.21118862926959991,0.13157439231872559,-0.0004875967279076576,-0.07393985241651535,0.030546456575393677,0.17621749639511108,0.008360044099390507,0.07980677485466003,-0.00048750481801107526,-0.030379321426153183,0.1797431856393814,0.1803380697965622,0.15954820811748505,-0.00048747373512014747,-0.38625481724739075,-0.00048786139814183116,0.02214243821799755,-0.0004875300801359117,0.14331431686878204,-0.2717432677745819,0.05689495801925659,0.0001702473673503846,-0.10096114128828049,-0.001723793102428317,-0.05047173798084259,0.06644340604543686,-0.267636775970459,-0.27842652797698975,-0.35768115520477295,0.00674437265843153,0.17721518874168396,0.049422744661569595,0.00048747967230156064,-0.05884184315800667,0.05221943184733391,0.1901206076145172,0.013444087468087673,0.11662779748439789,-0.08296829462051392,0.12136473506689072,0.0004874698934145272,0.011058050207793713,0.11763963103294373,-0.21156200766563416,0.1672123372554779,-0.2300223708152771,-0.0010062606306746602,0.15091097354888916,-0.017786264419555664,-0.08628307282924652
0.3240772485733032,-0.09700942039489746,0.0004875664017163217,0.05595516040921211,-0.00965952593833208,-0.15430676937103271,0.13402436673641205,0.09432803839445114,-0.0004875101731158793,-0.15854673087596893,0.035596080124378204,0.118778295814991,-0.18596431612968445,0.0004874759470112622,0.014193746261298656,-0.00048746756510809064,-0.049701571464538574,0.0004875144804827869,0.0631570965051651,0.010583250783383846,-0.13973255455493927,0.005150346085429192,0.0008974735392257571,-0.00017462816322222352,-0.009458666667342186,0.09878683090209961,0.00879477709531784,0.008939669467508793,0.013718852773308754,0.003980523440986872,0.23084193468093872,-0.07411615550518036,-0.0004875909653492272,0.029943276196718216,-0.003988870419561863,0.07191205024719238,0.2323567271232605,0.052095454186201096,0.15140017867088318,-0.18383198976516724,0.0004874988808296621,-0.0012103253975510597,-0.0033635718282312155,0.05078776925802231,0.05650075152516365,-0.053788453340530396,-0.0013424219796434045,-0.1919569969177246,0.13321006298065186,0.10743456333875656
-0.018609551712870598,0.23601126670837402,-0.0004874255391769111,-0.007669480051845312,-0.009265427477657795,0.024962609633803368,0.18571101129055023,-0.03231348097324371,-0.0004875948070548475,-0.24574364721775055,0.16240312159061432,-0.22244302928447723,-0.1608315110206604,0.00048750091809779406,0.0010752383386716247,-0.0004878109903074801,0.10314927995204926,-0.0004875300801359117,-0.21634164452552795,-0.10995883494615555,0.1024743989109993,-0.00016175198834389448,-0.012172427028417587,-0.0012761959806084633,-0.08735046535730362,0.02601485140621662,-0.08656714856624603,-0.07965286076068878,-0.042550887912511826,-0.039184004068374634,-0.19040179252624512,-0.09092886745929718,-0.0004873693687841296,-0.13524185121059418,0.01746407151222229,0.17658475041389465,0.07382217794656754,0.1559106409549713,-0.03813403099775314,-0.06096880882978439,0.00048748828703537583,-0.04809122905135155,-0.012112810276448727,-0.10755332559347153,-0.05721616372466087,-0.014150542207062244,-0.031143782660365105,-0.13689029216766357,-0.11142008006572723,-0.05005806311964989
-0.6405973434448242,-0.14515718817710876,-0.0004873762954957783,-0.17548231780529022,-0.02340916357934475,0.002239877823740244,0.13246309757232666,0.13822844624519348,-0.00048768025590106845,-0.010028162971138954,0.10428954660892487,-0.08308679610490799,0.02716672793030739,-0.000487514422275126,0.057913873344659805,-0.0004881499335169792,-0.11810746043920517,0.0004874635487794876,-0.14140446484088898,-0.023310111835598946,0.12719444930553436,-0.0008433291222900152,0.08194853365421295,0.0013478168984875083,0.16039825975894928,-0.13770686089992523,-0.007196660619229078,0.014827286824584007,0.01746375299990177,-0.012259994633495808,-0.12432412803173065,-0.14188416302204132,0.0004875598824582994,-0.05108616501092911,0.026590503752231598,0.1468229740858078,-0.025130508467555046,0.18483203649520874,-0.16062428057193756,-0.0622018426656723,-0.0004874410224147141,-0.018934352323412895,0.08985745906829834,0.2357432097196579,0.025242066010832787,0.036117129027843475,-0.006077375262975693,0.12126791477203369,0.0725274607539177,-0.032661743462085724
0.43343138694763184,-0.20019088685512543,-0.0004874973092228174,0.053789470344781876,-0.02468796633183956,0.187323197722435,0.11863654851913452,0.10510989278554916,0.00048754591261968017,-0.3716307282447815,-0.04553326964378357,-0.20241765677928925,-0.32514527440071106,-0.0004874949809163809,0.27493155002593994,0.0004875205340795219,0.06867022812366486,0.0004874997539445758,-0.06984609365463257,0.17008695006370544,-0.299191951751709,0.00524511793628335,0.02783842198550701,-0.002619397360831499,-0.007987858727574348,0.10739677399396896,0.22599110007286072,0.22762848436832428,0.2578672170639038,0.004364746622741222,-0.09650922566652298,-0.04637176916003227,-0.0004874992882832885,0.11974337697029114,-0.015259571373462677,-0.16076801717281342,0.26878947019577026,-0.048044353723526,0.2631853520870209,-0.3161686956882477,-0.00048749829875305295,0.007168067619204521,-0.06389258801937103,0.1903972029685974,-0.07885448634624481,0.058595817536115646,0.033230796456336975,-0.22754627466201782,0.10568048804998398,0.31510308384895325
-0.001576317590661347,0.07990077883005142,0.00048751645954325795,-0.0008027399308048189,0.003468989860266447,0.12088940292596817,-0.09846340119838715,0.04942235350608826,0.00048749783309176564,0.02813507243990898,0.04666382074356079,0.09359011054039001,-0.11826209723949432,0.0004875001613982022,-0.05236315354704857,-0.00048754626186564565,0.05160124972462654,-0.00048749492270871997,0.031219787895679474,-0.04002462327480316,-0.03361484035849571,-0.006174629554152489,0.20235209167003632,-0.005169460084289312,0.01437346637248993,-0.001370132900774479,-0.03667501360177994,-0.039024144411087036,-0.047172412276268005,-0.0005323797231540084,0.025337710976600647,0.15281745791435242,-0.0004874847363680601,0.0016354963881894946,0.005434797145426273,-0.0018537366995587945,-0.003701465670019388,-0.0024915775284171104,-0.005937127862125635,0.013669363223016262,0.000487500277813524,-0.00226547266356647,0.04342397674918175,-0.09366032481193542,0.1386035680770874,-0.04920246824622154,0.0006216327310539782,-0.019894562661647797,0.10034310072660446,-0.0017320181941613555
0.000487500277813524,0.0004875002196058631,0.00048750010319054127,0.0004874996957369149,-0.0004874996957369149,0.00048750004498288035,-0.000487500277813524,-0.0004875002196058631,-0.0004875002196058631,0.0004874999285675585,-0.000487500277813524,-0.0004874996957369149,-0.0004875001613982022,-0.0004874998703598976,0.00048750010319054127,0.0004874996957369149,0.0004874997539445758,-0.0004874996957369149,-0.00048749998677521944,-0.00048750010319054127,0.0004874996957369149,-0.00048749998677521944,-0.0004874999285675585,0.00048750004498288035,0.0004874996957369149,0.0004874998703598976,-0.0004874999285675585,0.0004875001613982022,0.0004875002196058631,0.000487500277813524,0.000487500277813524,-0.0004874996957369149,0.0004874996957369149,-0.00048749998677521944,0.0004874998703598976,0.00048749998677521944,0.00048749998677521944,0.0004874999285675585,0.000487500277813524,0.0004874998703598976,-0.0004874996957369149,-0.0004875002196058631,-0.00048749998677521944,-0.0004874998121522367,0.000487500277813524,0.0004874996957369149,-0.0004874998121522367,-0.0004875002196058631,0.0004874997539445758,-0.0004874997539445758
-0.01950395479798317,-0.013643765822052956,0.00048747239634394646,0.0018946263007819653,0.003442696062847972,-0.059112101793289185,-0.03119531087577343,0.0014842101372778416,-0.00048743007937446237,0.05729181319475174,-0.03857848420739174,0.06603635102510452,-0.10059806704521179,0.0004874932346865535,-0.03972713649272919,0.00048788991989567876,0.03809100016951561,0.0004875144804827869,-0.09274384379386902,-0.049341462552547455,0.0018483708845451474,-0.0005579996504820883,-0.048052527010440826,-7.47549202060327e-05,0.05913415178656578,-0.00019499777408782393,-0.06472384929656982,-0.062126170843839645,-0.053110454231500626,0.0001388780219713226,0.06471044570207596,-0.03506964072585106,0.0004874716978520155,-0.014964979141950607,0.02205105870962143,-0.0408613421022892,-0.006498683709651232,-0.05946040526032448,0.009816003032028675,0.04131925478577614,-0.0004874972510151565,-0.0027188153471797705,-0.028485998511314392,-0.014319264329969883,-0.01800668053328991,-0.04259872063994408,-0.003547333413735032,0.09112641215324402,0.001367313670925796,-0.02006971463561058
-0.15864631533622742,0.2895974814891815,0.00048724334919825196,-0.04367799684405327,0.14287982881069183,-0.038108985871076584,-0.3876167833805084,0.19441735744476318,-0.0004873942816630006,0.41801735758781433,-0.016855623573064804,0.3974299430847168,-0.01467291358858347,-0.00048748357221484184,-0.5852792859077454,-0.00048684090143069625,-0.09751749783754349,0.0004874757141806185,0.08010636270046234,-0.4148781895637512,0.22841235995292664,0.0007662667776457965,-0.015134763903915882,0.004693182185292244,-0.026219317689538002,0.12146728485822678,-0.47014522552490234,-0.47731032967567444,-0.5434111952781677,0.01103057898581028,0.13734713196754456,-0.08349015563726425,-0.00048766995314508677,-0.0726800188422203,0.011670015752315521,0.2788790464401245,0.03556806221604347,0.25967317819595337,0.023422252386808395,0.04080382362008095,0.00048744474770501256,0.028014907613396645,-0.10792090743780136,-0.26199352741241455,0.004864173009991646,-0.3992607593536377,0.003594923997297883,0.22516261041164398,0.12531566619873047,-0.10684315115213394
0.022982124239206314,0.1797456294298172,-0.0004874635487794876,-0.07445210963487625,0.01334009226411581,0.01600370556116104,0.54599928855896,0.2886447310447693,0.00048745633102953434,0.13732340931892395,0.2570314407348633,-0.125065416097641,-0.41502416133880615,-0.000487503653857857,-0.03942984342575073,-0.00048785441322252154,0.01922740414738655,-0.000487515761051327,0.14146935939788818,0.007023485843092203,-0.0675487294793129,-0.0009951350511983037,0.1910836398601532,-0.0012187962420284748,-0.09505490213632584,-0.04783768579363823,-0.04167822003364563,-0.040988028049468994,-0.041263479739427567,-0.02336631529033184,-0.25976672768592834,-0.03392892703413963,-0.000487441080622375,0.05593375861644745,0.06376752257347107,0.07150877267122269,0.34358546137809753,0.2096223682165146,0.004460090305656195,0.056740857660770416,-0.0004875171580351889,0.029252830892801285,0.2982873320579529,-0.4309614896774292,-0.028741911053657532,-0.06813258677721024,-0.0013449325924739242,-0.12449268996715546,0.17609022557735443,-0.021443895995616913
0.3388424515724182,0.10497849434614182,0.00048750569112598896,0.15194709599018097,0.01964215189218521,0.0038388182874768972,-0.329397052526474,-0.41170963644981384,0.0004872974241152406,0.11361798644065857,-0.08276713639497757,-0.2140357941389084,-0.037129905074834824,-0.00048751162830740213,0.19550976157188416,-0.00048607104690745473,0.2756505310535431,-0.0004874790320172906,-0.03350403159856796,0.1753496676683426,-0.09112179279327393,-2.0524174033198506e-05,-0.08925405889749527,0.001817967277020216,0.4027599096298218,0.02212406136095524,0.14956045150756836,0.1299750655889511,0.189103364944458,-0.021056750789284706,-0.034830208867788315,0.0029406261164695024,0.0004877267056144774,0.01799449883401394,-0.027785569429397583,-0.05704416707158089,-0.05252944678068161,-0.30464205145835876,0.023926690220832825,0.09215467423200607,-0.0004875040613114834,-0.050695449113845825,-0.27427613735198975,0.17381809651851654,-0.022310633212327957,0.23933573067188263,0.010032068006694317,0.004528803750872612,0.005285174120217562,0.07460607588291168
-0.31333252787590027,0.12172847241163254,0.0004872690187767148,-0.13470648229122162,0.09789629280567169,-0.06311222165822983,0.03505188971757889,0.04774787649512291,0.00048766296822577715,0.24352869391441345,0.1470993459224701,0.23972919583320618,0.27871182560920715,-0.00048749521374702454,-0.6258407831192017,0.00048686814261600375,-0.025141337886452675,0.00048751075519248843,0.20417429506778717,-0.18124505877494812,0.1536896824836731,0.00015015527606010437,0.03344319388270378,-0.0007761626038700342,-0.1627672165632248,0.11323849111795425,-0.547066330909729,-0.438325434923172,-0.4997008442878723,0.09098219126462936,0.3271789252758026,-0.03693665564060211,-0.0004877439932897687,-0.07029421627521515,0.0239096749573946,0.2066374272108078,0.17659179866313934,0.27340424060821533,0.06673657149076462,0.20936740934848785,0.00048749661073088646,0.15572383999824524,0.2116071730852127,-0.2620702385902405,0.3087109327316284,-0.3623477518558502,-0.018698984757065773,0.2935708463191986,-0.17956191301345825,-0.14538085460662842
-0.07782769948244095,-0.19602058827877045,-0.00048748101107776165,-0.013950868509709835,-0.05611693486571312,0.04453045874834061,0.11683784425258636,0.14050006866455078,-0.00048739102203398943,-0.207122340798378,-0.07694830745458603,-0.1205611526966095,-0.16540344059467316,-0.0004874924197793007,0.3942784070968628,0.0004880263586528599,0.2148168832063675,0.0004875041777268052,-0.13522866368293762,0.29130613803863525,-0.16197600960731506,-0.000110428205516655,-0.008273066021502018,-0.003925282973796129,-0.015635764226317406,-0.10814713686704636,0.3054314851760864,0.31424498558044434,0.36326077580451965,-0.048276279121637344,-0.13509728014469147,-0.16954459249973297,-0.000487268203869462,0.12157601118087769,0.02413325384259224,-0.030767051503062248,-0.021773681044578552,-0.10141288489103317,-0.015364537015557289,-0.0975777804851532,0.0004875109880231321,-0.08742766082286835,-0.05683621019124985,0.1537538319826126,-0.10082586854696274,0.2426389753818512,0.015966111794114113,0.0033059334382414818,-0.0130544388666749,0.08954674750566483
-0.09333572536706924,-0.004803444258868694,-0.0004876541206613183,-0.001120136003009975,0.010389933362603188,0.2961443066596985,0.230412557721138,0.06970878690481186,0.00048758613411337137,-0.070318304002285,0.07685350626707077,-0.041111454367637634,-0.08649585396051407,-0.000487430312205106,0.24088811874389648,0.00048802251694723964,0.23467442393302917,0.00048749789129942656,-0.08651547133922577,0.07425224035978317,-0.09191986918449402,0.005913708824664354,0.15330477058887482,-0.0006322254193946719,0.07772018015384674,-0.12598365545272827,0.12320725619792938,0.11972159147262573,0.1749897003173828,-0.022109147161245346,-0.2781223952770233,-0.03819512575864792,-0.0004873792640864849,-0.010049927979707718,0.036910124123096466,-0.1541154980659485,0.059237416833639145,-0.02302362211048603,0.13991539180278778,0.0016763608437031507,-0.0004874954465776682,0.0033054701052606106,0.09787388145923615,0.09856907278299332,0.09653206169605255,0.08250608295202255,0.004830997437238693,-0.13946150243282318,0.06596868485212326,0.16591618955135345
-0.1612665355205536,0.3678288757801056,0.000487576297018677,-0.07068243622779846,0.04277105629444122,-0.034378860145807266,0.08368747681379318,-0.23235781490802765,-0.0004875901504419744,0.17503014206886292,0.06056980788707733,-0.00595445092767477,0.09747784584760666,-0.0004874790320172906,-0.37866002321243286,-0.00048789638094604015,-0.02795116975903511,0.00048748875269666314,-0.02912444807589054,-0.24660909175872803,0.10488132387399673,3.36685188813135e-05,-0.15879787504673004,5.8417249704234564e-08,-0.06207911670207977,-0.031370364129543304,-0.27252328395843506,-0.2686198651790619,-0.31665846705436707,0.003819072851911187,0.10087291151285172,-0.035918012261390686,-0.00048752821749076247,-0.038989465683698654,0.006461480166763067,0.15171046555042267,0.13164635002613068,0.24172618985176086,-0.06031179055571556,0.12533673644065857,0.0004874379374086857,0.011175304651260376,0.03828355297446251,-0.1818142980337143,0.1209644004702568,-0.1793227642774582,0.0011281478218734264,-0.0149197056889534,-0.2852725088596344,-0.10291885584592819
-0.397037535905838,-0.13801579177379608,-0.0004875256563536823,-0.017548048868775368,-0.008332627825438976,0.09202194958925247,-0.07994838058948517,0.07941137999296188,-0.00048761203652247787,-0.019752472639083862,0.09656791388988495,0.1679999977350235,0.09961593896150589,0.00048747548134997487,0.13624395430088043,-0.00048745551612228155,0.008633828721940517,-0.0004875442245975137,0.10009989887475967,0.13700316846370697,0.04426812008023262,-0.0006221257499419153,0.05977773293852806,0.00638005044311285,0.1777464747428894,-0.06854651868343353,0.09356936812400818,0.10650124400854111,0.1285114586353302,0.02324678748846054,0.024511829018592834,-0.031718410551548004,0.0004875235608778894,0.008322595618665218,0.06139233335852623,0.021655142307281494,-0.29080167412757874,0.05858587101101875,-0.14011481404304504,-0.018048297613859177,-0.00048753625014796853,-0.007852188311517239,0.03722987323999405,0.2566224932670593,0.010924181900918484,0.18764260411262512,0.010364752262830734,-0.1038302406668663,0.19562266767024994,-0.08585285395383835
-0.3238260746002197,-0.04176191985607147,-0.00048760155914351344,-0.032511740922927856,-0.013020877726376057,-0.015416184440255165,-0.11874041706323624,0.09687565267086029,-0.0004875647136941552,0.2649618983268738,-0.033098455518484116,0.18955522775650024,0.16182975471019745,0.0004875235608778894,-0.2778950035572052,0.00048693898133933544,-0.20526280999183655,0.00048746680840849876,0.19320906698703766,-0.08763623237609863,-0.0003892167587764561,0.0012812493368983269,0.04358772933483124,0.0011937874369323254,-0.06309601664543152,0.1233481839299202,-0.17557871341705322,-0.1533324122428894,-0.22389286756515503,0.03197949752211571,0.14491574466228485,-0.02383815497159958,-0.0004877080791629851,-0.07606519758701324,0.03751397132873535,0.0944635346531868,-0.14933110773563385,0.31948956847190857,0.002701440593227744,0.10186583548784256,-0.0004875128506682813,0.10164030641317368,0.08381060510873795,-0.02498769573867321,0.040829673409461975,-0.15950947999954224,-0.009805199690163136,0.31623491644859314,0.04484691470861435,-0.020861957222223282
0.21734005212783813,0.24545741081237793,0.0004876337479799986,0.12443304806947708,0.041729941964149475,-0.13710995018482208,0.0006507681682705879,-0.010626734234392643,0.00048732582945376635,0.15647520124912262,0.2127464860677719,-0.05696422979235649,0.16125856339931488,-0.0004875541781075299,-0.3080754578113556,0.0004881303175352514,0.4083188474178314,0.00048760895151644945,0.20725350081920624,-0.13111388683319092,0.059055082499980927,5.7588167692301795e-05,0.0444091260433197,0.0061673009768128395,0.05735993757843971,0.32824599742889404,-0.20265300571918488,-0.07294030487537384,-0.25286024808883667,0.17779746651649475,0.19289980828762054,0.13542836904525757,-0.00048750441055744886,0.09990879893302917,0.03067348338663578,0.16266459226608276,0.14608822762966156,0.2106994092464447,-0.001388964126817882,0.08372125029563904,0.00048750947462394834,0.25630927085876465,0.26074880361557007,-0.14228500425815582,0.12649503350257874,-0.20651037991046906,0.02523413859307766,0.04814424365758896,0.02450733631849289,0.005162156652659178
-0.14526522159576416,0.0911620557308197,-0.0004876100574620068,-0.013393429107964039,-0.04013879969716072,-0.0628017783164978,-0.23122373223304749,0.06033829599618912,-0.0004877285100519657,0.10624662041664124,0.04035348817706108,-0.03437567502260208,0.3762485682964325,0.0004874527221545577,-0.01850542612373829,-0.00048733060248196125,-0.06943098455667496,-0.0004875667509622872,-0.2198297679424286,-0.02267017401754856,0.09385506063699722,-0.00019514602900017053,0.15834665298461914,-9.320453682448715e-05,-0.008523738011717796,-0.029671592637896538,-0.018951043486595154,-0.0014306032098829746,-0.011468667536973953,-0.006291428580880165,-0.08052782714366913,-0.032262660562992096,-0.00048759160563349724,-0.0635765939950943,0.004751388914883137,-0.16297802329063416,-0.35127735137939453,0.155654177069664,-0.11678586900234222,-0.009842961095273495,-0.000487554760184139,0.0013114450266584754,-0.024750931188464165,0.13377615809440613,0.055551882833242416,0.00448564114049077,-0.012813171371817589,0.25413820147514343,0.266231507062912,-0.09579844027757645
-0.0004874999285675585,-0.0004875001613982022,0.0004874997539445758,-0.0004874996957369149,0.0004874998703598976,0.0004874996957369149,0.00048750004498288035,-0.0004874996957369149,0.000487500277813524,0.0004874996957369149,-0.0004874998703598976,-0.0004874996957369149,0.0004874996957369149,0.0004874996957369149,0.0004874996957369149,0.0004874997539445758,0.0004874996957369149,0.00048750004498288035,0.0004874998703598976,-0.0004874999285675585,-0.000487500277813524,0.0004875001613982022,-0.000487500277813524,0.0004874996957369149,-0.0004875001613982022,-0.0004875001613982022,0.0004874997539445758,0.0004874996957369149,0.0004874997539445758,0.00048750010319054127,0.0004875002196058631,-0.0004874999285675585,0.0004874996957369149,0.0004874999285675585,-0.0004874996957369149,-0.00048750010319054127,-0.0004874998703598976,0.0004874998703598976,-0.0004875001613982022,-0.0004875001613982022,-0.000487500277813524,-0.0004874998121522367,0.0004874997539445758,0.00048749998677521944,-0.0004875002196058631,0.00048750004498288035,0.000487500277813524,0.0004875001613982022,-0.00048750004498288035,0.0004874998121522367
0.1692778766155243,-0.4573296308517456,0.0004876749007962644,0.08195097744464874,0.0018017144175246358,-0.11339204758405685,0.23242855072021484,0.13175274431705475,0.0004874523147009313,-0.010197864845395088,-0.09961018711328506,-0.11533486098051071,0.15247854590415955,-0.000487397366669029,0.06927517056465149,-0.00048789853462949395,-0.003486041445285082,-0.00048748194240033627,-0.28159934282302856,-0.010510406456887722,-0.23718911409378052,-0.0003134949365630746,0.276154100894928,-0.01026123482733965,0.0032592329662293196,0.059870682656764984,0.04323088750243187,0.026444964110851288,0.07080166786909103,-0.02611333318054676,0.10408394038677216,0.046049125492572784,-0.0004874208243563771,-0.013299240730702877,0.007822972722351551,-0.03185545653104782,0.289413720369339,0.29250863194465637,0.027723517268896103,-0.17610393464565277,-0.0004874085425399244,-0.08834470063447952,-0.01898483745753765,0.3891812264919281,0.11256255209445953,0.07508876919746399,-0.046569474041461945,-0.021874625235795975,-0.09549903124570847,0.1034289076924324
0.16792228817939758,0.10426503419876099,-0.0004874570877291262,0.04212931916117668,-0.0024353163316845894,-0.014023046009242535,0.0336349718272686,-0.05410625413060188,0.0004874655860476196,0.019478190690279007,-0.007153862621635199,0.179716095328331,-0.13529883325099945,-0.0004875487647950649,-0.07573924213647842,0.00048756483010947704,-0.010899526067078114,-0.00048749748384580016,0.0547163262963295,-0.04665706306695938,-0.028726035729050636,0.00024956100969575346,-0.1389661580324173,-0.0004813563427887857,0.036278460174798965,0.10999466478824615,-0.05364563316106796,-0.05578852817416191,-0.0670429915189743,0.03799096867442131,0.154280886054039,0.019068758934736252,0.00048749963752925396,0.015151333063840866,0.005953372921794653,0.04078950360417366,0.08749153465032578,0.022253330796957016,0.07713374495506287,-0.043685540556907654,0.00048748345579952,0.09547793120145798,-0.006881039123982191,-0.010372503660619259,0.021956538781523705,-0.044836170971393585,0.015048270113766193,-0.1204826682806015,0.16589149832725525,-0.0007436801097355783
0.08482778072357178,-0.00032577230012975633,0.0004875024897046387,0.01914883963763714,-2.9602195354527794e-05,0.023781802505254745,0.007539097685366869,0.010190417990088463,0.0004875031881965697,-0.001729136100038886,0.02917025238275528,0.0011570185888558626,-0.06877951323986053,-0.0004875028971582651,-0.00733181880787015,-0.00048750295536592603,-0.012155905365943909,-0.00048750010319054127,-0.006032117176800966,-0.007252441719174385,-0.00375044415704906,0.0008307666284963489,0.010373213328421116,-0.0004203748540021479,-0.008230121806263924,0.08435332030057907,-0.0055124335922300816,-0.005896362476050854,-0.00714078638702631,0.028818508610129356,0.031548820436000824,0.0052618901245296,0.0004875058075413108,0.010445191524922848,-0.0036186205688863993,0.012785747647285461,0.0730266124010086,0.006246764678508043,0.05980154871940613,0.0020852747838944197,-0.00048749917186796665,0.05704887956380844,0.043904051184654236,0.0037053560372442007,0.00302200042642653,-0.013314533978700638,0.0018900693394243717,-0.04193873330950737,0.01641218177974224,0.033086929470300674
0.4190765619277954,-0.260826051235199,0.0004875438753515482,0.0587412565946579,0.0007345654303207994,-0.13115428388118744,-0.00532069755718112,-0.018686925992369652,-0.0004874423611909151,-0.17952239513397217,0.0507580041885376,0.010223550722002983,0.05716395005583763,0.0004874911974184215,-0.0017706610960885882,0.00048735993914306164,-0.014626337215304375,0.00048753502778708935,0.009539319202303886,-0.0075400881469249725,-0.25393950939178467,0.00046181021025404334,-0.03789368271827698,-0.0006721031968481839,-0.001423553447239101,0.07304910570383072,-0.011515137739479542,-0.011083822697401047,-0.006711642257869244,-0.03335559368133545,0.19870221614837646,-0.012204268015921116,-0.0004874825826846063,-0.0017717687878757715,0.0031585409305989742,-0.026570579037070274,0.15518775582313538,0.01946640945971012,0.12365946918725967,-0.2531687915325165,0.00048753770533949137,-0.065132737159729,0.054863590747117996,0.050801943987607956,-0.001779707265086472,-0.026980238035321236,-0.012194610200822353,0.10060054063796997,-0.028826015070080757,0.0581243522465229
-0.2739536464214325,0.3906329572200775,-0.00048754550516605377,-0.11286886781454086,-0.0266409944742918,0.09164713323116302,-0.21816577017307281,-0.11101856082677841,0.0004872760036960244,0.3021880090236664,0.05035804584622383,-0.04711256921291351,0.05569399893283844,-0.0004874984733760357,-0.21499453485012054,0.000487316632643342,-0.048287417739629745,-0.0004876169841736555,0.19430522620677948,-0.11359645426273346,0.09665009379386902,-0.006076535675674677,0.04259951040148735,-0.005322393029928207,-0.09089428931474686,-0.1302722990512848,-0.19309476017951965,-0.16418303549289703,-0.22174490988254547,-0.01219283975660801,0.17487050592899323,0.21328309178352356,-0.00048776925541460514,-0.07175178825855255,0.014433312229812145,0.00637925136834383,-0.16870558261871338,0.055888328701257706,-0.1506578028202057,0.20763827860355377,-0.0004876463208347559,9.170503290079068e-08,0.006215460132807493,0.10102969408035278,0.015301226638257504,-0.14455486834049225,-0.00623693922534585,0.2725737988948822,0.33344730734825134,-0.1598920077085495
-0.00020048597070854157,0.3217666447162628,0.00048756226897239685,-3.529686694037082e-07,-0.06613996624946594,0.16289891302585602,0.13676127791404724,-0.05118834227323532,0.0004876342136412859,0.04512833431363106,-0.08366573601961136,0.07057296484708786,0.13366684317588806,0.0004874398000538349,0.049201250076293945,-0.0004875662853009999,-0.14459578692913055,-0.0004875015583820641,-0.08390196412801743,0.040565166622400284,0.2338154911994934,-0.0007551632588729262,-0.09274627268314362,0.0006109605892561376,-0.3479374051094055,4.873575016972609e-05,0.03225887566804886,0.029281310737133026,0.033599257469177246,2.1924904558545677e-07,-0.08874928206205368,0.21006034314632416,-0.00048757699551060796,-0.07089293748140335,-0.10176978260278702,-0.2376745045185089,0.000526473973877728,-0.41444921493530273,-0.06918703764677048,0.010366815142333508,0.00048748310655355453,-3.812786530943413e-07,-0.03626977652311325,0.017405036836862564,0.03593971207737923,0.15552033483982086,-0.009479106403887272,-0.16287191212177277,-0.06079314276576042,-0.03987455740571022
0.0004874996957369149,-0.0004874998121522367,0.0004874997539445758,0.00048750004498288035,0.0004874996957369149,-0.0004874999285675585,0.000487500277813524,-0.0004874996957369149,-0.0004874998121522367,-0.00048750010319054127,-0.0004874998121522367,-0.000487500277813524,0.0004874999285675585,0.00048749998677521944,-0.0004874996957369149,-0.0004874996957369149,-0.00048749998677521944,0.0004874996957369149,0.000487500277813524,-0.0004874998703598976,-0.00048749998677521944,0.0004874999285675585,-0.0004874996957369149,0.0004874996957369149,0.00048750010319054127,-0.0004874996957369149,-0.0004874996957369149,0.0004874997539445758,0.0004874996957369149,-0.00048749998677521944,0.000487500277813524,0.000487500277813524,-0.0004874996957369149,0.0004874996957369149,-0.0004874996957369149,-0.0004875001613982022,-0.0004874996957369149,0.0004875002196058631,-0.00048750004498288035,0.0004874999285675585,0.0004875002196058631,-0.0004874997539445758,0.0004875002196058631,-0.0004874996957369149,-0.0004874998121522367,0.0004874997539445758,-0.0004874998121522367,0.00048750004498288035,-0.0004874999285675585,-0.00048750010319054127
bias,50
-0.37186092138290405,1.749269723892212,1.464290976524353,1.7200108766555786,-3.242532253265381,1.5440884828567505,1.458806037902832,2.564063787460327,-2.096203088760376,2.407381772994995,2.095651626586914,-1.7278486490249634,-3.194910764694214,-2.7140631675720215,-1.3665918111801147,0.12842704355716705,-0.16219310462474823,-1.5891064405441284,-0.14851312339305878,-0.1472644954919815,-2.082465648651123,1.4360945224761963,1.9288684129714966,-1.9474328756332397,0.5131838917732239,1.8680334091186523,1.4041190147399902,1.207790732383728,-1.8903348445892334,-0.1449853628873825,1.635962963104248,-2.6954569816589355,0.4475761950016022,1.3090234994888306,-3.2280445098876953,1.5509727001190186,2.4733593463897705,-2.7039318084716797,1.951241374015808,-2.3093464374542236,-2.328355073928833,-0.9081706404685974,-0.2971467971801758,1.5284870862960815,-1.58895742893219,-1.1471422910690308,-0.25488317012786865,-1.7289855480194092,-0.5534424781799316,-0.15717636048793793
activation,softmax
weights,12,50
-0.009583520703017712,0.0037044768687337637,0.005860328674316406,0.0009519557352177799,-0.38024449348449707,-0.04534051567316055,0.06626524776220322,0.14403104782104492,-0.050445739179849625,-0.07016615569591522,-0.020539559423923492,-0.12973274290561676,-0.2397005409002304,-0.23770205676555634,0.0004970000591129065,0.05609896034002304,0.0004969997680746019,-0.2152450829744339,0.0004969993024133146,0.0004969813744537532,-0.16115930676460266,-0.041248247027397156,-0.06697627156972885,0.00026235426776111126,0.004123066086322069,-0.030606813728809357,-0.3053224980831146,-0.010440897196531296,-0.002893466502428055,0.0004970204317942262,-0.01866738311946392,-0.0011271031107753515,-0.12901584804058075,0.04462558031082153,-0.41347599029541016,-0.019607894122600555,-0.1279733031988144,-0.006981146987527609,-0.16499342024326324,-0.34440988302230835,-0.22826828062534332,-0.303323894739151,0.0004970001173205674,0.2268996685743332,-0.11638744175434113,-0.08325373381376266,0.11691980063915253,-0.05994550138711929,-0.14431041479110718,-0.0004969850997440517
-0.007723305840045214,-0.17463214695453644,-0.06843458861112595,-0.1959238201379776,0.062276192009449005,-0.005144192837178707,0.07543767243623734,-0.03619544953107834,-0.00707016047090292,-0.045443225651979446,-0.04796827211976051,0.04744657874107361,-0.04763370379805565,0.03458334133028984,-0.0004970243317075074,0.1385139673948288,-0.0004970058216713369,0.09253231436014175,-0.0004969993606209755,-0.0004969637375324965,-0.1891166716814041,-0.015904853120446205,-0.10556595772504807,-0.22563430666923523,-0.05986294522881508,-0.07027830183506012,-0.03753149136900902,-0.1520751565694809,-0.0015923426253721118,-0.0004970095469616354,-0.02130185067653656,-0.4108215272426605,-0.027928460389375687,-0.15179869532585144,0.011023297905921936,-0.2826128602027893,-0.21157263219356537,-0.20835073292255402,-0.3067117929458618,-0.02919979766011238,0.038818031549453735,-0.11031987518072128,-0.0004969995934516191,0.14817245304584503,-0.013744454830884933,0.050675489008426666,0.062272921204566956,-0.25839516520500183,-0.018276747316122055,-0.0004969848087057471
-0.004392092116177082,-0.210529625415802,0.026094166561961174,-0.2983504831790924,-0.44082900881767273,-0.1367109715938568,0.08797416090965271,0.18704861402511597,-0.06751184910535812,0.05460669845342636,0.012554357759654522,-0.23171845078468323,-0.3175988793373108,-0.19792428612709045,-0.0004970025038346648,0.015708334743976593,-0.0004970140871591866,-0.01664106175303459,-0.000497004366479814,0.0004970401059836149,-0.49002522230148315,-0.052774496376514435,0.23906831443309784,-0.10149604827165604,-0.3285106420516968,-0.07794918864965439,0.23178529739379883,-0.4958983063697815,0.0014329772675409913,-0.0004970052978023887,0.016055453568696976,-0.049331020563840866,-0.13454705476760864,0.0027343747206032276,-0.2929615080356598,0.03481516242027283,0.018717845901846886,-0.02865663729608059,0.15372858941555023,-0.027000416070222855,-0.08843031525611877,-0.04028835520148277,0.0004970000009052455,0.13670524954795837,-0.015034048818051815,0.0009655113099142909,-0.22203980386257172,-0.40506377816200256,-0.1491643488407135,0.0004969897563569248
-0.010466676205396652,-0.06603515893220901,0.011531557887792587,-0.02475852146744728,0.0710764154791832,-0.03115910291671753,-0.02739948220551014,-0.24698731303215027,-0.08098851889371872,-0.08759298175573349,-0.1585252434015274,-0.00818970613181591,0.23936088383197784,-0.026059187948703766,0.0004970260779373348,0.11189746856689453,0.0004969222936779261,-0.1654694825410843,-0.0004970101290382445,-0.0004970303270965815,-0.3624570071697235,-0.018536020070314407,-0.1542523205280304,0.10203587263822556,-0.1115085631608963,-0.014749052934348583,0.19599495828151703,-0.17330752313137054,-0.032461244612932205,0.000496979511808604,-0.01516223419457674,0.1824277937412262,0.21068701148033142,-0.2656314969062805,0.2378474622964859,-0.012703796848654747,-0.18778684735298157,0.026760410517454147,0.10058702528476715,0.13198243081569672,0.009238342754542828,-0.03880825266242027,0.0004969998844899237,-0.10283125936985016,0.022619443014264107,-0.012205530889332294,-0.19074338674545288,-0.12980350852012634,-0.1350289136171341,-0.0004970378940925002
-0.01787247136235237,-0.2217591553926468,-0.033044829964637756,-0.0727507621049881,-0.09808412194252014,-0.26793044805526733,-0.039489515125751495,0.12551671266555786,-0.39159202575683594,0.07255353778600693,0.07128129154443741,-0.2195969969034195,-0.32388395071029663,-0.1700538992881775,0.0004973598406650126,-0.37366557121276855,-0.000496991619002074,-0.09546632319688797,-0.0004969933070242405,-0.0004970139125362039,-0.13584062457084656,-0.08824263513088226,0.24365964531898499,-0.16044500470161438,-0.06592512875795364,-0.08450092375278473,0.16928695142269135,-0.033327944576740265,-0.003569008084014058,0.0004969972651451826,-0.015190386213362217,-0.21372275054454803,-0.07473979145288467,0.025053804740309715,-0.1609647125005722,-0.2203506976366043,-0.12535230815410614,-0.1862795501947403,0.17440928518772125,0.08936408162117004,-0.21565057337284088,0.30510833859443665,-0.0004970000009052455,-0.22365421056747437,-0.016606520861387253,-3.676577762234956e-06,-0.2863771915435791,0.09999904036521912,-0.3361440896987915,-0.0004970068112015724
-0.08147862553596497,-0.018117763102054596,-0.01350453495979309,-0.016833152621984482,0.28679099678993225,-0.36078131198883057,0.03501063212752342,-0.5362803936004639,-0.3300410211086273,-0.06680360436439514,-0.12990379333496094,-0.3175659477710724,0.229922354221344,0.16129852831363678,0.0004969944711774588,-0.31436628103256226,-0.0004969867295585573,-0.12701815366744995,-0.0004969886504113674,0.0004969692672602832,-0.03142622113227844,-0.0068415491841733456,-0.0810723602771759,0.13283461332321167,-0.12614993751049042,-0.06999693065881729,-0.027692608535289764,-0.015211091376841068,-0.007589017506688833,-0.0004969963920302689,-0.032712969928979874,0.151545912027359,-0.0488458052277565,-0.2706158459186554,0.1799710988998413,-0.03776192665100098,-0.10803965479135513,0.08157055079936981,0.03167230635881424,0.16401514410972595,0.06282272934913635,0.01372228842228651,-0.0004969995934516191,-0.08902931958436966,-0.11158591508865356,3.8678699638694525e-06,-0.3145255446434021,0.08890362083911896,-0.3514130115509033,-0.0004969968576915562
-0.020952466875314713,-0.108014777302742,0.35397401452064514,-0.15864533185958862,-0.049481138586997986,0.37269556522369385,-0.008091999217867851,0.018006758764386177,0.119168221950531,0.10717017203569412,0.1959667205810547,-0.0195899847894907,-0.2640710175037384,-0.1698308140039444,0.000496622291393578,-0.09893825650215149,-0.0004969533765688539,0.02363624796271324,-0.0004970018053427339,0.000497002387419343,-0.015337936580181122,0.13565628230571747,0.14305388927459717,-0.17027437686920166,-0.048082027584314346,-0.27993831038475037,-0.1783236265182495,-0.023873303085565567,0.004115809220820665,-0.0004970041336491704,0.07984822988510132,-0.050968270748853683,-0.4854379892349243,0.06799572706222534,-0.23176294565200806,-0.09138595312833786,-0.03456687182188034,-0.19039960205554962,0.040836088359355927,-0.22640442848205566,-0.2761443555355072,-0.13200008869171143,0.0004970001173205674,-0.36785319447517395,-0.00014230021042749286,1.9010540199815296e-05,-0.03936746343970299,0.022095628082752228,0.07706909626722336,0.0004969975561834872
0.12438396364450455,-0.02300172857940197,-0.04284290596842766,-0.0014793571317568421,0.2818378508090973,-0.03277453035116196,-0.12478616833686829,-0.19628006219863892,0.009912975132465363,-0.013226157985627651,-0.01574488915503025,-0.04526468366384506,0.033454786986112595,0.009838649071753025,-0.000496975495480001,-0.26294592022895813,-0.0004969392321072519,0.22252994775772095,0.0004969938308931887,0.0004970121080987155,-0.026606086641550064,-0.13041839003562927,-0.07739513367414474,0.016847562044858932,0.05818600207567215,-0.26945796608924866,-0.15651065111160278,-0.002691524103283882,-0.026941021904349327,0.0004970021545886993,-0.006014103069901466,0.11151356995105743,-0.4091068506240845,0.1281179040670395,0.11053236573934555,-0.02448989637196064,-0.5106473565101624,-0.04081820324063301,-0.02281307801604271,-0.03690008446574211,0.3396444618701935,0.14289896190166473,0.0004969997680746019,-0.5472607612609863,0.13590073585510254,0.00027538728318177164,-0.009653402492403984,0.1216345876455307,-0.08241455256938934,0.0004970063455402851
-0.1008065789937973,-0.39122718572616577,-0.24346718192100525,-0.3883900046348572,0.14861422777175903,-0.031006593257188797,-0.15279816091060638,-0.09628023207187653,0.1668897569179535,-0.16179095208644867,0.0307523924857378,-0.021082041785120964,0.1921607404947281,0.15936172008514404,0.0004970074514858425,-0.02534177526831627,-0.000497069675475359,0.02080196887254715,-0.0004969831206835806,0.0004969769506715238,0.1661870926618576,-0.09299980849027634,-0.08698176592588425,0.0712708979845047,-0.12511584162712097,-0.07695431262254715,-0.21937985718250275,-0.04333119094371796,0.193037748336792,0.0004970068694092333,-0.08543867617845535,-0.46343696117401123,-0.0014463522238656878,0.018547257408499718,-0.02219660021364689,-0.3633883595466614,-0.16533343493938446,0.10195285826921463,-0.1213630735874176,-0.4241696894168854,0.1037980169057846,-0.36968785524368286,0.0004969998844899237,-0.1208411380648613,0.008255841210484505,-0.0019783799070864916,-0.01872815564274788,0.129005566239357,0.2112760692834854,0.000496955937705934
0.17119549214839935,-0.25569406151771545,-0.2948610782623291,-0.2367449700832367,-0.08939751237630844,0.014553585089743137,-0.26615452766418457,-0.21419748663902283,0.1016145721077919,-0.01855611242353916,-0.1681515872478485,-0.029486196115612984,-0.5152417421340942,0.05164916440844536,0.0004969437723048031,-0.06178408861160278,-0.000496924389153719,-0.019538061693310738,0.0004969820147380233,-0.0004969941801391542,0.2007753551006317,-0.013494984246790409,-0.44954055547714233,-0.29643890261650085,0.1018282100558281,0.06447160243988037,-0.04761054366827011,-0.27942177653312683,-0.06323408335447311,-0.0004969986621290445,0.0015531571116298437,-0.08078134804964066,0.02602487988770008,0.2071857452392578,-0.5299954414367676,-0.23360216617584229,0.0006378304678946733,0.023783495649695396,-0.08564532548189163,-0.1068824753165245,-0.014096472412347794,-0.05012378841638565,0.000496999709866941,0.006862707436084747,0.017517542466521263,0.00032925145933404565,-0.04425648972392082,0.0691118910908699,0.02863229438662529,0.0004970291047357023
-0.09779895097017288,0.01121017150580883,-0.009385168552398682,0.02040480449795723,-0.544552206993103,0.009903063997626305,0.01579112745821476,-0.08769351243972778,-0.18951454758644104,0.06186516582965851,0.0700942650437355,-0.0201277919113636,-0.015768686309456825,-0.3666875958442688,0.0004970493027940392,-0.054879412055015564,0.0004969484289176762,-0.10270140320062637,0.0004970056470483541,0.0004970054142177105,-0.03134860843420029,-0.02284533903002739,-0.06995578855276108,-0.021624386310577393,-0.07185938209295273,0.24547593295574188,-0.02143876440823078,-0.08420543372631073,-0.07189823687076569,-0.0004969947040081024,-0.007149869110435247,0.0005760369822382927,0.06192438304424286,-0.21287578344345093,-0.016723807901144028,-0.025148840621113777,0.10386435687541962,-0.30391642451286316,-0.06838130950927734,-0.029411714524030685,-0.31316161155700684,-0.18349990248680115,0.0004969995934516191,-0.28925621509552,-0.11618724465370178,-2.4109467631205916e-06,-0.032342784106731415,-0.37042492628097534,0.10289418697357178,-0.0004969977308064699
-0.13941630721092224,0.28149357438087463,-0.16109699010849,0.17667536437511444,0.33097532391548157,-0.188070610165596,-0.2426229864358902,0.1010482981801033,-0.11929483711719513,-0.1860879361629486,-0.3589569330215454,-0.09058443456888199,0.44737038016319275,0.2685600817203522,-0.0004969996516592801,-0.20288938283920288,0.0004970149020664394,-0.013528695330023766,0.0004969993606209755,-0.0004969856236129999,0.12914082407951355,0.018235985189676285,-0.3869208097457886,0.18259316682815552,0.06328880786895752,-0.2267574965953827,-0.3708787262439728,0.2589060068130493,-0.03141181543469429,0.0004970020381733775,-0.07393566519021988,0.3525935411453247,-0.05290254205465317,-0.005404706113040447,0.3631616234779358,0.22254712879657745,0.12567903101444244,0.33014413714408875,-0.25908124446868896,-0.10170090943574905,0.2493569701910019,-0.39944469928741455,0.0004970001755282283,-0.19290564954280853,0.054923951625823975,0.02646602690219879,-0.22125108540058136,-0.06276208162307739,-0.4372466802597046,-0.0004969689180143178
bias,12
1.370032787322998,-0.6397515535354614,1.681189775466919,-0.8822287321090698,1.1734709739685059,-1.4206048250198364,1.7400935888290405,-0.9788426160812378,-1.092385172843933,0.46380603313446045,1.6070278882980347,-2.9196672439575195
